[
  {
    "index": 0,
    "name": "정민석"
  },
  {
    "index": 1,
    "name": "권규량"
  },
  {
    "index": 2,
    "name": "윤장혁"
  },
  {
    "index": 3,
    "name": "권순호"
  },
  {
    "index": 4,
    "name": "백종언"
  },
  {
    "index": 5,
    "name": "노승재"
  },
  {
    "index": 6,
    "name": "원선일"
  },
  {
    "index": 7,
    "name": "김민성"
  },
  {
    "index": 8,
    "name": "여준우"
  },
  {
    "index": 9,
    "name": "김준서"
  },
  {
    "index": 10,
    "name": "김연규"
  }
]
